-- MySQL dump 10.13  Distrib 5.5.19, for Win32 (x86)
--
-- Host: localhost    Database: jds
-- ------------------------------------------------------
-- Server version	5.5.19

/*!40101 SET @OLD_CHARACTER_SET_CLIENT=@@CHARACTER_SET_CLIENT */;
/*!40101 SET @OLD_CHARACTER_SET_RESULTS=@@CHARACTER_SET_RESULTS */;
/*!40101 SET @OLD_COLLATION_CONNECTION=@@COLLATION_CONNECTION */;
/*!40101 SET NAMES utf8 */;
/*!40103 SET @OLD_TIME_ZONE=@@TIME_ZONE */;
/*!40103 SET TIME_ZONE='+00:00' */;
/*!40014 SET @OLD_UNIQUE_CHECKS=@@UNIQUE_CHECKS, UNIQUE_CHECKS=0 */;
/*!40014 SET @OLD_FOREIGN_KEY_CHECKS=@@FOREIGN_KEY_CHECKS, FOREIGN_KEY_CHECKS=0 */;
/*!40101 SET @OLD_SQL_MODE=@@SQL_MODE, SQL_MODE='NO_AUTO_VALUE_ON_ZERO' */;
/*!40111 SET @OLD_SQL_NOTES=@@SQL_NOTES, SQL_NOTES=0 */;

--
-- Table structure for table `agents`
--

DROP TABLE IF EXISTS `agents`;
/*!40101 SET @saved_cs_client     = @@character_set_client */;
/*!40101 SET character_set_client = utf8 */;
CREATE TABLE `agents` (
  `id` int(11) NOT NULL AUTO_INCREMENT,
  `agentName` text NOT NULL,
  `regDate` date DEFAULT NULL,
  `emailId` mediumtext,
  `address` longtext,
  `cityId` int(11) DEFAULT NULL,
  `districtId` int(11) DEFAULT NULL,
  `stateId` int(11) DEFAULT NULL,
  `countryId` int(11) DEFAULT NULL,
  `pinCode` int(11) DEFAULT NULL,
  `discount` int(11) DEFAULT NULL,
  PRIMARY KEY (`id`)
) ENGINE=InnoDB AUTO_INCREMENT=11 DEFAULT CHARSET=latin1;
/*!40101 SET character_set_client = @saved_cs_client */;

--
-- Dumping data for table `agents`
--

LOCK TABLES `agents` WRITE;
/*!40000 ALTER TABLE `agents` DISABLE KEYS */;
INSERT INTO `agents` VALUES (1,'Deepali','2012-03-02','deepali@ias.in','asdfe',23,1,1,1,123456,12),(2,'Alok','2012-03-19','modak.alok@gmail.com','kasturinagar',9,3,1,3,560043,10),(3,'Shail','2011-09-01','shail@gmail.com','whitefield',5,3,1,1,560075,50),(4,'modak','2009-03-01','modak.alok@gmail.com','kasturinagar',1,3,32,10,0,100),(5,'Aai','2002-11-02','aai@gmail.com','sinhagad road',2,3,17,1,560043,10),(6,'Dada','2009-05-25','dada@gmail.com','sinhagad road',5,9,17,1,0,1),(7,'test','2012-03-01','test','test',5,3,1,10,0,0),(8,'test','2012-03-02','test@test.com','test',148,3,1,10,560043,10),(9,'sachin','2012-03-13','sachin@gmail.com','satar',74,10,9,8,420,10),(10,'Aai','2012-03-19','aai@gmail.com','pune',5,2,2,8,43,30);
/*!40000 ALTER TABLE `agents` ENABLE KEYS */;
UNLOCK TABLES;

--
-- Table structure for table `cities`
--

DROP TABLE IF EXISTS `cities`;
/*!40101 SET @saved_cs_client     = @@character_set_client */;
/*!40101 SET character_set_client = utf8 */;
CREATE TABLE `cities` (
  `id` int(11) NOT NULL AUTO_INCREMENT,
  `city` varchar(45) NOT NULL,
  PRIMARY KEY (`id`),
  UNIQUE KEY `id_UNIQUE` (`id`),
  UNIQUE KEY `city_UNIQUE` (`city`)
) ENGINE=InnoDB AUTO_INCREMENT=205 DEFAULT CHARSET=latin1;
/*!40101 SET character_set_client = @saved_cs_client */;

--
-- Dumping data for table `cities`
--

LOCK TABLES `cities` WRITE;
/*!40000 ALTER TABLE `cities` DISABLE KEYS */;
INSERT INTO `cities` VALUES (23,'Agra'),(5,'Ahmedabad'),(123,'Ahmednagar'),(148,'Aizawl'),(80,'Ajmer'),(103,'Akola'),(54,'Aligarh'),(36,'Allahabad'),(136,'Alwar'),(93,'Ambattur'),(168,'Ambernath'),(66,'Amravati'),(34,'Amritsar'),(164,'Anantapur'),(165,'Arrah'),(77,'Asansol'),(32,'Aurangabad'),(126,'Avadi'),(147,'Bally'),(3,'Bangalore'),(196,'Bangarpet'),(172,'Baranagar'),(137,'Bardhaman'),(51,'Bareilly'),(197,'Barwani'),(152,'Bathinda'),(202,'behrampada'),(91,'Belgaum'),(108,'Bellary'),(111,'Bhagalpur'),(170,'Bharatpur'),(114,'Bhatpara'),(74,'Bhavnagar'),(68,'Bhilai'),(120,'Bhilwara'),(61,'Bhiwandi'),(16,'Bhopal'),(57,'Bhubaneswar'),(184,'Bidar'),(183,'Bidhan Nagar'),(144,'Bihar Sharif'),(131,'Bijapur'),(65,'Bikaner'),(129,'Bilaspur'),(201,'bini'),(106,'Bokaro'),(121,'Brahmapur'),(192,'cdassd'),(48,'Chandigarh'),(134,'Chandrapur'),(6,'Chennai'),(39,'Coimbatore'),(71,'Cuttack'),(204,'dallas'),(146,'Darbhanga'),(101,'Davanagere'),(75,'Dehradun'),(2,'Delhi'),(191,'Deoli'),(149,'Dewas'),(33,'Dhanbad'),(117,'Dhule'),(160,'Durg'),(76,'Durgapur'),(167,'Etawah'),(25,'Faridabad'),(158,'Farrukhabad'),(72,'Firozabad'),(185,'Gandhinagar'),(96,'Gaya'),(21,'Ghaziabad'),(110,'Gopalpur'),(63,'Gorakhpur'),(81,'Gulbarga'),(64,'Guntur'),(47,'Guwahati'),(41,'Gwalior'),(163,'Hapur'),(200,'Harda'),(142,'Hisar'),(186,'Hosapete'),(38,'Howrah'),(50,'Hubballi-Dharwad'),(4,'Hyderabad'),(150,'Ichalkaranji'),(161,'Imphal'),(14,'Indore'),(40,'Jabalpur'),(10,'Jaipur'),(55,'Jalandhar'),(97,'Jalgaon'),(153,'Jalna'),(89,'Jammu'),(82,'Jamnagar'),(69,'Jamshedpur'),(86,'Jhansi'),(43,'Jodhpur'),(139,'Kakinada'),(28,'Kalyan-Dombivali'),(128,'Kamarhati'),(12,'Kanpur'),(166,'Karimnagar'),(193,'Khandwa'),(195,'Khargoan'),(73,'Kochi (Cochin)'),(79,'Kolhapur'),(7,'Kolkata'),(125,'Kollam (Quilon)'),(119,'Korba'),(46,'Kota'),(102,'Kozhikode (Calicut)'),(138,'Kulti'),(104,'Kurnool'),(116,'Latur'),(84,'Loni'),(11,'Lucknow'),(22,'Ludhiana'),(44,'Madurai'),(99,'Maheshtala'),(95,'Malegaon'),(92,'Mangalore'),(124,'Mathura'),(156,'Mau'),(26,'Meerut'),(59,'Mira-Bhayandar'),(175,'Mirzapur'),(190,'Mohali'),(52,'Moradabad'),(1,'Mumbai'),(113,'Muzaffarnagar'),(122,'Muzaffarpur'),(53,'Mysore'),(13,'Nagpur'),(181,'Naihati'),(78,'Nanded'),(187,'Nangloi Jat'),(24,'Nashik'),(35,'Navi Mumbai'),(88,'Nellore'),(171,'New Delhi'),(140,'Nizamabad'),(67,'Noida'),(169,'North Dumdum'),(203,'ooty'),(143,'Ozhukarai'),(177,'Pali'),(115,'Panihati'),(145,'Panipat'),(189,'Panvel'),(141,'Parbhani'),(109,'Patiala'),(19,'Patna'),(18,'Pimpri-Chinchwad'),(9,'Pune'),(154,'Purnia'),(176,'Raichur'),(45,'Raipur'),(127,'Rajahmundry'),(27,'Rajkot'),(105,'Rajpur Sonarpur'),(178,'Ramagundam'),(132,'Rampur'),(37,'Ranchi'),(162,'Ratlam'),(174,'Rewa'),(118,'Rohtak'),(159,'Sagar'),(62,'Saharanpur'),(58,'Salem'),(194,'Sanawad'),(90,'Sangli-Miraj & Kupwad'),(198,'Satara'),(155,'Satna'),(130,'Shahjahanpur'),(133,'Shivamogga (Shimoga)'),(85,'Siliguri'),(182,'Singrauli'),(49,'Solapur'),(157,'Sonipat'),(107,'South Dumdum'),(179,'Sri Ganganagar'),(31,'Srinagar'),(188,'Srirampur'),(8,'Surat'),(15,'Thane'),(60,'Thiruvananthapuram'),(135,'Thrissur'),(56,'Tiruchirappalli'),(94,'Tirunelveli'),(151,'Tirupati'),(100,'Tirupur'),(173,'Tiruvottiyur'),(112,'Tumakuru (Tumkur)'),(98,'Udaipur'),(83,'Ujjain'),(87,'Ulhasnagar'),(180,'Uluberia'),(20,'Vadodara'),(30,'Varanasi'),(29,'Vasai-Virar'),(42,'Vijayawada'),(17,'Visakhapatnam'),(70,'Warangal');
/*!40000 ALTER TABLE `cities` ENABLE KEYS */;
UNLOCK TABLES;

--
-- Table structure for table `countries`
--

DROP TABLE IF EXISTS `countries`;
/*!40101 SET @saved_cs_client     = @@character_set_client */;
/*!40101 SET character_set_client = utf8 */;
CREATE TABLE `countries` (
  `id` int(11) NOT NULL AUTO_INCREMENT,
  `country` varchar(45) NOT NULL,
  PRIMARY KEY (`id`),
  UNIQUE KEY `id_UNIQUE` (`id`),
  UNIQUE KEY `country_UNIQUE` (`country`)
) ENGINE=InnoDB AUTO_INCREMENT=12 DEFAULT CHARSET=latin1;
/*!40101 SET character_set_client = @saved_cs_client */;

--
-- Dumping data for table `countries`
--

LOCK TABLES `countries` WRITE;
/*!40000 ALTER TABLE `countries` DISABLE KEYS */;
INSERT INTO `countries` VALUES (10,'Burundi'),(7,'Canada'),(8,'England'),(11,'Finland'),(1,'India'),(3,'Japan'),(9,'Koria'),(4,'Pakistan'),(5,'Srilanka'),(6,'Srilankaa'),(2,'USA');
/*!40000 ALTER TABLE `countries` ENABLE KEYS */;
UNLOCK TABLES;

--
-- Table structure for table `currency`
--

DROP TABLE IF EXISTS `currency`;
/*!40101 SET @saved_cs_client     = @@character_set_client */;
/*!40101 SET character_set_client = utf8 */;
CREATE TABLE `currency` (
  `id` int(10) unsigned NOT NULL AUTO_INCREMENT,
  `currency` varchar(20) NOT NULL,
  `conversion_factor` float DEFAULT NULL,
  PRIMARY KEY (`id`),
  UNIQUE KEY `currency_UNIQUE` (`currency`)
) ENGINE=InnoDB AUTO_INCREMENT=3 DEFAULT CHARSET=latin1;
/*!40101 SET character_set_client = @saved_cs_client */;

--
-- Dumping data for table `currency`
--

LOCK TABLES `currency` WRITE;
/*!40000 ALTER TABLE `currency` DISABLE KEYS */;
INSERT INTO `currency` VALUES (1,'INR',1),(2,'USD',0.02);
/*!40000 ALTER TABLE `currency` ENABLE KEYS */;
UNLOCK TABLES;

--
-- Table structure for table `districts`
--

DROP TABLE IF EXISTS `districts`;
/*!40101 SET @saved_cs_client     = @@character_set_client */;
/*!40101 SET character_set_client = utf8 */;
CREATE TABLE `districts` (
  `id` int(11) NOT NULL AUTO_INCREMENT,
  `district` varchar(64) NOT NULL,
  PRIMARY KEY (`id`),
  UNIQUE KEY `id_UNIQUE` (`id`),
  UNIQUE KEY `district_UNIQUE` (`district`)
) ENGINE=InnoDB AUTO_INCREMENT=11 DEFAULT CHARSET=latin1;
/*!40101 SET character_set_client = @saved_cs_client */;

--
-- Dumping data for table `districts`
--

LOCK TABLES `districts` WRITE;
/*!40000 ALTER TABLE `districts` DISABLE KEYS */;
INSERT INTO `districts` VALUES (3,'Balasore'),(2,'Bhadrak'),(7,'Bikaner'),(6,'Chaibasa'),(5,'Chakradharpur'),(10,'indore'),(4,'Jaleshwar'),(8,'Nimar'),(9,'Pune'),(1,'Puri');
/*!40000 ALTER TABLE `districts` ENABLE KEYS */;
UNLOCK TABLES;

--
-- Table structure for table `inward_purpose`
--

DROP TABLE IF EXISTS `inward_purpose`;
/*!40101 SET @saved_cs_client     = @@character_set_client */;
/*!40101 SET character_set_client = utf8 */;
CREATE TABLE `inward_purpose` (
  `id` int(11) NOT NULL AUTO_INCREMENT,
  `purpose` varchar(25) NOT NULL,
  PRIMARY KEY (`id`),
  UNIQUE KEY `id_UNIQUE` (`id`),
  UNIQUE KEY `purpose_UNIQUE` (`purpose`)
) ENGINE=InnoDB AUTO_INCREMENT=10 DEFAULT CHARSET=latin1;
/*!40101 SET character_set_client = @saved_cs_client */;

--
-- Dumping data for table `inward_purpose`
--

LOCK TABLES `inward_purpose` WRITE;
/*!40000 ALTER TABLE `inward_purpose` DISABLE KEYS */;
INSERT INTO `inward_purpose` VALUES (3,'Address Change'),(7,'Advertisement'),(8,'Manuscript'),(5,'Missing Issue'),(1,'New Subscription'),(9,'Others'),(2,'Renew Subscription'),(6,'Reprint'),(4,'Request For Invoice');
/*!40000 ALTER TABLE `inward_purpose` ENABLE KEYS */;
UNLOCK TABLES;

--
-- Table structure for table `inward_return_reasons`
--

DROP TABLE IF EXISTS `inward_return_reasons`;
/*!40101 SET @saved_cs_client     = @@character_set_client */;
/*!40101 SET character_set_client = utf8 */;
CREATE TABLE `inward_return_reasons` (
  `id` int(10) unsigned NOT NULL AUTO_INCREMENT,
  `return_reason` varchar(100) NOT NULL,
  PRIMARY KEY (`id`),
  UNIQUE KEY `return_reason_UNIQUE` (`return_reason`)
) ENGINE=InnoDB AUTO_INCREMENT=14 DEFAULT CHARSET=latin1;
/*!40101 SET character_set_client = @saved_cs_client */;

--
-- Dumping data for table `inward_return_reasons`
--

LOCK TABLES `inward_return_reasons` WRITE;
/*!40000 ALTER TABLE `inward_return_reasons` DISABLE KEYS */;
INSERT INTO `inward_return_reasons` VALUES (3,'Cheque/ DD not in favour of Indian Academy of Sciences'),(11,'Cheque/DD to be corrected'),(1,'For want of Client\'s address'),(9,'Insufficient funds'),(8,'Only one Cheque/DD to be drawn for all the journals'),(13,'Others'),(6,'Payment already received for current year'),(4,'Personal Subscription accepted for minimum of TWO years only'),(12,'Provide residential address for Personal Subscription'),(10,'Revalidate the Cheque/DD'),(2,'Short Payment'),(5,'Subscriptions are accepted for Calendar year only (Jan-Dec)'),(7,'The issues ordered are out of stock');
/*!40000 ALTER TABLE `inward_return_reasons` ENABLE KEYS */;
UNLOCK TABLES;

--
-- Table structure for table `journals`
--

DROP TABLE IF EXISTS `journals`;
/*!40101 SET @saved_cs_client     = @@character_set_client */;
/*!40101 SET character_set_client = utf8 */;
CREATE TABLE `journals` (
  `id` int(11) NOT NULL AUTO_INCREMENT,
  `journalCode` text NOT NULL,
  `journalName` text NOT NULL,
  `issnNo` text NOT NULL,
  `pages` int(11) DEFAULT NULL,
  `startYear` int(11) DEFAULT NULL,
  `issues` int(11) DEFAULT NULL,
  PRIMARY KEY (`id`)
) ENGINE=InnoDB AUTO_INCREMENT=15 DEFAULT CHARSET=latin1;
/*!40101 SET character_set_client = @saved_cs_client */;

--
-- Dumping data for table `journals`
--

LOCK TABLES `journals` WRITE;
/*!40000 ALTER TABLE `journals` DISABLE KEYS */;
INSERT INTO `journals` VALUES (1,'CURR','Current Science','1234',500,1985,12),(2,'RES','Resonanace','1234',578,1990,24),(3,'JB','Journal of Bioscience','1111',1000,1987,6),(4,'JB','Journal of Bioscience','1111',1000,1234,6),(5,'EBS','Environmental science','4567',800,1991,4),(6,'CS','Chemical Science','1579',1200,2000,24),(7,'MAA','Material Science','2468',789,1995,2),(8,'LOK','Lok Prabha','LK-420',50,1980,12),(9,'BI','Business India','0',100,2010,12),(10,'IT','India Today','IT-420',50,2011,52),(11,'LKP','Lokprabha','LK123',200,2010,24),(12,'JB','Journal of Bioscience','1579',500,2001,12),(13,'EC','Economist audio','123',100,2012,52),(14,'BT','Business Today','12',20,100,12);
/*!40000 ALTER TABLE `journals` ENABLE KEYS */;
UNLOCK TABLES;

--
-- Table structure for table `payment_mode`
--

DROP TABLE IF EXISTS `payment_mode`;
/*!40101 SET @saved_cs_client     = @@character_set_client */;
/*!40101 SET character_set_client = utf8 */;
CREATE TABLE `payment_mode` (
  `id` int(11) NOT NULL AUTO_INCREMENT,
  `payment_mode` varchar(20) NOT NULL,
  PRIMARY KEY (`id`),
  UNIQUE KEY `payment_mode_UNIQUE` (`payment_mode`)
) ENGINE=InnoDB AUTO_INCREMENT=5 DEFAULT CHARSET=latin1;
/*!40101 SET character_set_client = @saved_cs_client */;

--
-- Dumping data for table `payment_mode`
--

LOCK TABLES `payment_mode` WRITE;
/*!40000 ALTER TABLE `payment_mode` DISABLE KEYS */;
INSERT INTO `payment_mode` VALUES (4,'Cash'),(1,'Cheque'),(2,'Demand Draft'),(3,'Money Order');
/*!40000 ALTER TABLE `payment_mode` ENABLE KEYS */;
UNLOCK TABLES;

--
-- Table structure for table `states`
--

DROP TABLE IF EXISTS `states`;
/*!40101 SET @saved_cs_client     = @@character_set_client */;
/*!40101 SET character_set_client = utf8 */;
CREATE TABLE `states` (
  `id` int(11) NOT NULL AUTO_INCREMENT,
  `state` varchar(45) NOT NULL,
  PRIMARY KEY (`id`),
  UNIQUE KEY `id_UNIQUE` (`id`),
  UNIQUE KEY `state_UNIQUE` (`state`)
) ENGINE=InnoDB AUTO_INCREMENT=33 DEFAULT CHARSET=latin1;
/*!40101 SET character_set_client = @saved_cs_client */;

--
-- Dumping data for table `states`
--

LOCK TABLES `states` WRITE;
/*!40000 ALTER TABLE `states` DISABLE KEYS */;
INSERT INTO `states` VALUES (1,'Andhra Pradesh'),(2,'Arunachal Pradesh'),(32,'asam'),(3,'Assam'),(4,'Bihar'),(5,'Chattisgarh'),(7,'Goa'),(8,'Gujarat'),(10,'Haryana'),(9,'Himachal Pradesh'),(12,'Jammu & Kashmir'),(11,'Jharkhand'),(13,'Karnataka'),(14,'Kerela'),(18,'Madhya Pradesh'),(17,'Maharastra'),(15,'Manipur'),(16,'Meghalaya'),(19,'Mizoram'),(20,'Nagaland'),(6,'New Delhi'),(31,'new1'),(21,'Orissa'),(23,'Pondicherry'),(22,'Punjab'),(24,'Rajasthan'),(25,'Sikkim'),(26,'Tamilnadu'),(27,'Tripura'),(28,'Uttar Pradesh'),(29,'Uttaranchal'),(30,'West Bengal');
/*!40000 ALTER TABLE `states` ENABLE KEYS */;
UNLOCK TABLES;

--
-- Table structure for table `subscriber_type`
--

DROP TABLE IF EXISTS `subscriber_type`;
/*!40101 SET @saved_cs_client     = @@character_set_client */;
/*!40101 SET character_set_client = utf8 */;
CREATE TABLE `subscriber_type` (
  `id` int(11) NOT NULL AUTO_INCREMENT,
  `subtypecode` char(5) NOT NULL,
  `subtypedesc` char(64) NOT NULL,
  `subtype` char(32) NOT NULL,
  `nationality` char(1) NOT NULL,
  `institutional` char(1) NOT NULL,
  `freejrnl` int(8) DEFAULT NULL,
  `discount` float(8,3) DEFAULT NULL,
  PRIMARY KEY (`id`),
  UNIQUE KEY `id_UNIQUE` (`id`)
) ENGINE=InnoDB AUTO_INCREMENT=11 DEFAULT CHARSET=latin1;
/*!40101 SET character_set_client = @saved_cs_client */;

--
-- Dumping data for table `subscriber_type`
--

LOCK TABLES `subscriber_type` WRITE;
/*!40000 ALTER TABLE `subscriber_type` DISABLE KEYS */;
INSERT INTO `subscriber_type` VALUES (1,'IC','Indian Schools and Colleges','Free','I','I',NULL,NULL),(2,'II','Indian Institutes','Free','I','I',NULL,NULL),(3,'IP','Indian Institute of Science','Paid','I','I',NULL,NULL),(4,'FELGM','Fellows','Paid','I','P',NULL,NULL),(5,'XXX','Summer Fellows','Free','I','P',NULL,NULL),(6,'JDSD','JDS Developers','Free','I','P',100,100.000),(7,'IITS','IIT Students','Free','I','I',12,0.000),(8,'ITBS','IITB Students','Paid','I','P',12,0.000),(9,'REC','Regional Engg College','Paid','I','I',12,0.000),(10,'EC','Engg College','Free','I','P',12,0.000);
/*!40000 ALTER TABLE `subscriber_type` ENABLE KEYS */;
UNLOCK TABLES;

--
-- Table structure for table `users`
--

DROP TABLE IF EXISTS `users`;
/*!40101 SET @saved_cs_client     = @@character_set_client */;
/*!40101 SET character_set_client = utf8 */;
CREATE TABLE `users` (
  `username` varchar(20) NOT NULL,
  `password` varchar(20) NOT NULL,
  PRIMARY KEY (`username`)
) ENGINE=InnoDB DEFAULT CHARSET=latin1;
/*!40101 SET character_set_client = @saved_cs_client */;

--
-- Dumping data for table `users`
--

LOCK TABLES `users` WRITE;
/*!40000 ALTER TABLE `users` DISABLE KEYS */;
INSERT INTO `users` VALUES ('jds@ias.com','jds'),('shail@ias.com','shail'),('tomcat','tomcat');
/*!40000 ALTER TABLE `users` ENABLE KEYS */;
UNLOCK TABLES;

--
-- Table structure for table `user_role`
--

DROP TABLE IF EXISTS `user_role`;
/*!40101 SET @saved_cs_client     = @@character_set_client */;
/*!40101 SET character_set_client = utf8 */;
CREATE TABLE `user_role` (
  `username` varchar(20) NOT NULL,
  `role` varchar(20) NOT NULL,
  PRIMARY KEY (`username`,`role`)
) ENGINE=InnoDB DEFAULT CHARSET=latin1;
/*!40101 SET character_set_client = @saved_cs_client */;

--
-- Dumping data for table `user_role`
--

LOCK TABLES `user_role` WRITE;
/*!40000 ALTER TABLE `user_role` DISABLE KEYS */;
INSERT INTO `user_role` VALUES ('jds@ias.com','admin'),('shail@ias.com','user'),('tomcat','manager-script');
/*!40000 ALTER TABLE `user_role` ENABLE KEYS */;
UNLOCK TABLES;
/*!40103 SET TIME_ZONE=@OLD_TIME_ZONE */;

/*!40101 SET SQL_MODE=@OLD_SQL_MODE */;
/*!40014 SET FOREIGN_KEY_CHECKS=@OLD_FOREIGN_KEY_CHECKS */;
/*!40014 SET UNIQUE_CHECKS=@OLD_UNIQUE_CHECKS */;
/*!40101 SET CHARACTER_SET_CLIENT=@OLD_CHARACTER_SET_CLIENT */;
/*!40101 SET CHARACTER_SET_RESULTS=@OLD_CHARACTER_SET_RESULTS */;
/*!40101 SET COLLATION_CONNECTION=@OLD_COLLATION_CONNECTION */;
/*!40111 SET SQL_NOTES=@OLD_SQL_NOTES */;

-- Dump completed on 2012-03-02 17:26:41
