-- MySQL dump 10.13  Distrib 5.5.16, for Win64 (x86)
--
-- Host: localhost    Database: jds
-- ------------------------------------------------------
-- Server version	5.5.16

/*!40101 SET @OLD_CHARACTER_SET_CLIENT=@@CHARACTER_SET_CLIENT */;
/*!40101 SET @OLD_CHARACTER_SET_RESULTS=@@CHARACTER_SET_RESULTS */;
/*!40101 SET @OLD_COLLATION_CONNECTION=@@COLLATION_CONNECTION */;
/*!40101 SET NAMES utf8 */;
/*!40103 SET @OLD_TIME_ZONE=@@TIME_ZONE */;
/*!40103 SET TIME_ZONE='+00:00' */;
/*!40014 SET @OLD_UNIQUE_CHECKS=@@UNIQUE_CHECKS, UNIQUE_CHECKS=0 */;
/*!40014 SET @OLD_FOREIGN_KEY_CHECKS=@@FOREIGN_KEY_CHECKS, FOREIGN_KEY_CHECKS=0 */;
/*!40101 SET @OLD_SQL_MODE=@@SQL_MODE, SQL_MODE='NO_AUTO_VALUE_ON_ZERO' */;
/*!40111 SET @OLD_SQL_NOTES=@@SQL_NOTES, SQL_NOTES=0 */;

--
-- Table structure for table `cities`
--

DROP TABLE IF EXISTS `cities`;
/*!40101 SET @saved_cs_client     = @@character_set_client */;
/*!40101 SET character_set_client = utf8 */;
CREATE TABLE `cities` (
  `id` int(11) NOT NULL AUTO_INCREMENT,
  `city` varchar(45) NOT NULL,
  PRIMARY KEY (`id`),
  UNIQUE KEY `id_UNIQUE` (`id`),
  UNIQUE KEY `city_UNIQUE` (`city`)
) ENGINE=InnoDB AUTO_INCREMENT=192 DEFAULT CHARSET=latin1;
/*!40101 SET character_set_client = @saved_cs_client */;

--
-- Dumping data for table `cities`
--

LOCK TABLES `cities` WRITE;
/*!40000 ALTER TABLE `cities` DISABLE KEYS */;
INSERT INTO `cities` VALUES (23,'Agra'),(5,'Ahmedabad'),(123,'Ahmednagar'),(148,'Aizawl'),(80,'Ajmer'),(103,'Akola'),(54,'Aligarh'),(36,'Allahabad'),(136,'Alwar'),(93,'Ambattur'),(168,'Ambernath'),(66,'Amravati'),(34,'Amritsar'),(164,'Anantapur'),(165,'Arrah'),(77,'Asansol'),(32,'Aurangabad'),(126,'Avadi'),(147,'Bally'),(3,'Bangalore'),(172,'Baranagar'),(137,'Bardhaman'),(51,'Bareilly'),(152,'Bathinda'),(91,'Belgaum'),(108,'Bellary'),(111,'Bhagalpur'),(170,'Bharatpur'),(114,'Bhatpara'),(74,'Bhavnagar'),(68,'Bhilai'),(120,'Bhilwara'),(61,'Bhiwandi'),(16,'Bhopal'),(57,'Bhubaneswar'),(184,'Bidar'),(183,'Bidhan Nagar'),(144,'Bihar Sharif'),(131,'Bijapur'),(65,'Bikaner'),(129,'Bilaspur'),(106,'Bokaro'),(121,'Brahmapur'),(48,'Chandigarh'),(134,'Chandrapur'),(6,'Chennai'),(39,'Coimbatore'),(71,'Cuttack'),(146,'Darbhanga'),(101,'Davanagere'),(75,'Dehradun'),(2,'Delhi'),(191,'Deoli'),(149,'Dewas'),(33,'Dhanbad'),(117,'Dhule'),(160,'Durg'),(76,'Durgapur'),(167,'Etawah'),(25,'Faridabad'),(158,'Farrukhabad'),(72,'Firozabad'),(185,'Gandhinagar'),(96,'Gaya'),(21,'Ghaziabad'),(110,'Gopalpur'),(63,'Gorakhpur'),(81,'Gulbarga'),(64,'Guntur'),(47,'Guwahati'),(41,'Gwalior'),(163,'Hapur'),(142,'Hisar'),(186,'Hosapete'),(38,'Howrah'),(50,'Hubballi-Dharwad'),(4,'Hyderabad'),(150,'Ichalkaranji'),(161,'Imphal'),(14,'Indore'),(40,'Jabalpur'),(10,'Jaipur'),(55,'Jalandhar'),(97,'Jalgaon'),(153,'Jalna'),(89,'Jammu'),(82,'Jamnagar'),(69,'Jamshedpur'),(86,'Jhansi'),(43,'Jodhpur'),(139,'Kakinada'),(28,'Kalyan-Dombivali'),(128,'Kamarhati'),(12,'Kanpur'),(166,'Karimnagar'),(73,'Kochi (Cochin)'),(79,'Kolhapur'),(7,'Kolkata'),(125,'Kollam (Quilon)'),(119,'Korba'),(46,'Kota'),(102,'Kozhikode (Calicut)'),(138,'Kulti'),(104,'Kurnool'),(116,'Latur'),(84,'Loni'),(11,'Lucknow'),(22,'Ludhiana'),(44,'Madurai'),(99,'Maheshtala'),(95,'Malegaon'),(92,'Mangalore'),(124,'Mathura'),(156,'Mau'),(26,'Meerut'),(59,'Mira-Bhayandar'),(175,'Mirzapur'),(190,'Mohali'),(52,'Moradabad'),(1,'Mumbai'),(113,'Muzaffarnagar'),(122,'Muzaffarpur'),(53,'Mysore'),(13,'Nagpur'),(181,'Naihati'),(78,'Nanded'),(187,'Nangloi Jat'),(24,'Nashik'),(35,'Navi Mumbai'),(88,'Nellore'),(171,'New Delhi'),(140,'Nizamabad'),(67,'Noida'),(169,'North Dumdum'),(143,'Ozhukarai'),(177,'Pali'),(115,'Panihati'),(145,'Panipat'),(189,'Panvel'),(141,'Parbhani'),(109,'Patiala'),(19,'Patna'),(18,'Pimpri-Chinchwad'),(9,'Pune'),(154,'Purnia'),(176,'Raichur'),(45,'Raipur'),(127,'Rajahmundry'),(27,'Rajkot'),(105,'Rajpur Sonarpur'),(178,'Ramagundam'),(132,'Rampur'),(37,'Ranchi'),(162,'Ratlam'),(174,'Rewa'),(118,'Rohtak'),(159,'Sagar'),(62,'Saharanpur'),(58,'Salem'),(90,'Sangli-Miraj & Kupwad'),(155,'Satna'),(130,'Shahjahanpur'),(133,'Shivamogga (Shimoga)'),(85,'Siliguri'),(182,'Singrauli'),(49,'Solapur'),(157,'Sonipat'),(107,'South Dumdum'),(179,'Sri Ganganagar'),(31,'Srinagar'),(188,'Srirampur'),(8,'Surat'),(15,'Thane'),(60,'Thiruvananthapuram'),(135,'Thrissur'),(56,'Tiruchirappalli'),(94,'Tirunelveli'),(151,'Tirupati'),(100,'Tirupur'),(173,'Tiruvottiyur'),(112,'Tumakuru (Tumkur)'),(98,'Udaipur'),(83,'Ujjain'),(87,'Ulhasnagar'),(180,'Uluberia'),(20,'Vadodara'),(30,'Varanasi'),(29,'Vasai-Virar'),(42,'Vijayawada'),(17,'Visakhapatnam'),(70,'Warangal');
/*!40000 ALTER TABLE `cities` ENABLE KEYS */;
UNLOCK TABLES;

--
-- Table structure for table `countries`
--

DROP TABLE IF EXISTS `countries`;
/*!40101 SET @saved_cs_client     = @@character_set_client */;
/*!40101 SET character_set_client = utf8 */;
CREATE TABLE `countries` (
  `id` int(11) NOT NULL AUTO_INCREMENT,
  `country` varchar(45) NOT NULL,
  PRIMARY KEY (`id`),
  UNIQUE KEY `id_UNIQUE` (`id`),
  UNIQUE KEY `country_UNIQUE` (`country`)
) ENGINE=InnoDB AUTO_INCREMENT=3 DEFAULT CHARSET=latin1;
/*!40101 SET character_set_client = @saved_cs_client */;

--
-- Dumping data for table `countries`
--

LOCK TABLES `countries` WRITE;
/*!40000 ALTER TABLE `countries` DISABLE KEYS */;
INSERT INTO `countries` VALUES (1,'India'),(2,'USA');
/*!40000 ALTER TABLE `countries` ENABLE KEYS */;
UNLOCK TABLES;

--
-- Table structure for table `currency`
--

DROP TABLE IF EXISTS `currency`;
/*!40101 SET @saved_cs_client     = @@character_set_client */;
/*!40101 SET character_set_client = utf8 */;
CREATE TABLE `currency` (
  `id` int(10) unsigned NOT NULL AUTO_INCREMENT,
  `currency` varchar(20) NOT NULL,
  `conversion_factor` float DEFAULT NULL,
  PRIMARY KEY (`id`),
  UNIQUE KEY `currency_UNIQUE` (`currency`)
) ENGINE=InnoDB AUTO_INCREMENT=3 DEFAULT CHARSET=latin1;
/*!40101 SET character_set_client = @saved_cs_client */;

--
-- Dumping data for table `currency`
--

LOCK TABLES `currency` WRITE;
/*!40000 ALTER TABLE `currency` DISABLE KEYS */;
INSERT INTO `currency` VALUES (1,'INR',1),(2,'USD',0.02);
/*!40000 ALTER TABLE `currency` ENABLE KEYS */;
UNLOCK TABLES;

--
-- Table structure for table `inward`
--

DROP TABLE IF EXISTS `inward`;
/*!40101 SET @saved_cs_client     = @@character_set_client */;
/*!40101 SET character_set_client = utf8 */;
CREATE TABLE `inward` (
  `id` int(10) unsigned NOT NULL AUTO_INCREMENT,
  `inwardNumber` varchar(9) NOT NULL,
  `from` varchar(64) NOT NULL,
  `country` int(11) DEFAULT NULL,
  `state` int(11) DEFAULT NULL,
  `city` int(11) NOT NULL,
  `pincode` int(11) DEFAULT NULL,
  `email` varchar(64) DEFAULT NULL,
  `institution` varchar(64) DEFAULT NULL,
  `department` varchar(64) DEFAULT NULL,
  `inwardCreationDate` date NOT NULL,
  `subscriberId` varchar(15) DEFAULT NULL,
  `inwardPurpose` int(11) NOT NULL,
  `paymentMode` int(11) NOT NULL,
  `chqddNumber` int(11) DEFAULT NULL,
  `paymentDate` date DEFAULT NULL,
  `amount` float DEFAULT '0',
  `currency` int(11) NOT NULL,
  `chequeDDReturn` tinyint(1) NOT NULL DEFAULT '0',
  `chequeDDReturnReason` int(11) DEFAULT NULL,
  `chequeDDReturnReasonOther` varchar(20) DEFAULT NULL,
  `receiptNumber` int(11) DEFAULT NULL,
  `ackDate` date DEFAULT NULL,
  `remarks` text,
  `bankName` varchar(64) DEFAULT NULL,
  `returnDate` date DEFAULT NULL,
  `completed` tinyint(4) NOT NULL DEFAULT '0',
  PRIMARY KEY (`id`),
  UNIQUE KEY `inward_no_UNIQUE` (`inwardNumber`)
) ENGINE=InnoDB AUTO_INCREMENT=88 DEFAULT CHARSET=latin1;
/*!40101 SET character_set_client = @saved_cs_client */;

--
-- Dumping data for table `inward`
--

LOCK TABLES `inward` WRITE;
/*!40000 ALTER TABLE `inward` DISABLE KEYS */;
INSERT INTO `inward` VALUES (67,'11L-00001','abc',1,13,147,0,'','','','2011-12-25','0',1,4,0,'2011-12-25',0,1,0,NULL,NULL,0,NULL,'','',NULL,0),(68,'11L-00002','abc',1,13,3,0,'','','','2011-12-25','0',1,4,0,'2011-12-25',0,1,0,NULL,NULL,0,NULL,'','',NULL,0),(69,'11L-00003','test',1,21,57,0,'','','','2011-12-25','0',5,1,0,'2011-12-25',0,2,0,NULL,NULL,0,NULL,'','',NULL,0),(70,'11L-00004','test',1,13,147,0,'','','','2011-12-25','0',1,4,0,'2011-12-25',0,1,0,NULL,NULL,0,NULL,'','',NULL,0),(71,'11L-00005','test',1,13,147,0,'','','','2011-12-25','0',1,4,0,'2011-12-25',0,1,0,NULL,'',0,NULL,'','',NULL,0),(72,'11L-00006','Kamala Pachisia',1,1,23,0,'','','','2011-12-25','0',3,2,0,'2011-12-25',0,2,0,NULL,NULL,0,NULL,'','',NULL,0),(73,'11L-00007','Kamala Pachisia',1,1,23,0,'','','','2011-12-25','0',3,2,0,'2011-12-25',0,2,0,NULL,'',0,NULL,'','',NULL,0),(74,'11L-00008','abc',1,1,23,0,'','','','2011-12-25','0',3,4,0,'2011-12-25',0,1,0,NULL,NULL,0,NULL,'','',NULL,0),(75,'11L-00009','abc',1,1,23,0,'','','','2011-12-25','0',3,4,0,'2011-12-25',0,1,0,NULL,NULL,0,NULL,'','',NULL,0),(76,'11L-00010','abc',1,1,23,0,'','','','2011-12-25','0',3,4,0,'2011-12-25',0,1,0,NULL,NULL,0,NULL,'','',NULL,0),(77,'11L-00011','abc',1,1,23,0,'','','','2011-12-25','0',3,4,0,'2011-12-25',0,1,0,NULL,NULL,0,NULL,'','',NULL,0),(78,'11L-00012','abc',1,1,5,0,'','','','2011-12-25','0',7,4,0,'2011-12-25',0,1,0,NULL,NULL,0,NULL,'','',NULL,0),(79,'11L-00013','abc',1,1,23,0,'','','','2011-12-25','0',3,4,0,'2011-12-25',0,1,0,NULL,NULL,0,NULL,'','',NULL,0),(80,'11L-00014','abc',1,1,23,0,'','','','2011-12-25','0',3,4,0,'2011-12-25',0,1,0,NULL,NULL,0,NULL,'','',NULL,0),(81,'11L-00015','abc',1,1,23,0,'','','','2011-12-25','0',3,4,0,'2011-12-25',0,1,0,NULL,NULL,0,NULL,'','',NULL,0),(82,'11L-00016','abc',1,1,23,0,'','','','2011-12-25','0',3,4,0,'2011-12-25',0,1,0,NULL,NULL,0,NULL,'','',NULL,0),(83,'11L-00017','abc',1,1,23,0,'','','','2011-12-25','0',7,4,0,'2011-12-25',0,1,0,NULL,NULL,0,NULL,'','',NULL,0),(84,'11L-00018','munnu',1,1,23,0,'sm@test.com','','','2011-12-25','0',3,1,12345,'2011-12-25',0,1,0,NULL,NULL,0,NULL,'','State Bank of india',NULL,0),(85,'11L-00019','mun',1,1,5,0,'','','','2011-12-25','0',3,4,0,'2011-12-25',0,1,0,NULL,NULL,0,NULL,'','',NULL,0),(86,'11L-00020','hjh',1,1,80,0,'','','','2011-12-25','0',3,4,0,'2011-12-25',0,1,0,NULL,NULL,0,NULL,'','',NULL,0),(87,'11L-00021','abc',1,1,168,0,'','test','test','2011-12-25','0',3,1,0,'2011-12-25',4560,1,0,NULL,NULL,0,NULL,'','ICICI Bank',NULL,0);
/*!40000 ALTER TABLE `inward` ENABLE KEYS */;
UNLOCK TABLES;

--
-- Table structure for table `inward_purpose`
--

DROP TABLE IF EXISTS `inward_purpose`;
/*!40101 SET @saved_cs_client     = @@character_set_client */;
/*!40101 SET character_set_client = utf8 */;
CREATE TABLE `inward_purpose` (
  `id` int(11) NOT NULL AUTO_INCREMENT,
  `purpose` varchar(25) NOT NULL,
  PRIMARY KEY (`id`),
  UNIQUE KEY `id_UNIQUE` (`id`),
  UNIQUE KEY `purpose_UNIQUE` (`purpose`)
) ENGINE=InnoDB AUTO_INCREMENT=10 DEFAULT CHARSET=latin1;
/*!40101 SET character_set_client = @saved_cs_client */;

--
-- Dumping data for table `inward_purpose`
--

LOCK TABLES `inward_purpose` WRITE;
/*!40000 ALTER TABLE `inward_purpose` DISABLE KEYS */;
INSERT INTO `inward_purpose` VALUES (3,'Address Change'),(7,'Advertisement'),(8,'Manuscript'),(5,'Missing Issue'),(1,'New Subscription'),(9,'Others'),(2,'Renew Subscription'),(6,'Reprint'),(4,'Request For Invoice');
/*!40000 ALTER TABLE `inward_purpose` ENABLE KEYS */;
UNLOCK TABLES;

--
-- Table structure for table `inward_return_reasons`
--

DROP TABLE IF EXISTS `inward_return_reasons`;
/*!40101 SET @saved_cs_client     = @@character_set_client */;
/*!40101 SET character_set_client = utf8 */;
CREATE TABLE `inward_return_reasons` (
  `id` int(10) unsigned NOT NULL AUTO_INCREMENT,
  `return_reason` varchar(100) NOT NULL,
  PRIMARY KEY (`id`),
  UNIQUE KEY `return_reason_UNIQUE` (`return_reason`)
) ENGINE=InnoDB AUTO_INCREMENT=14 DEFAULT CHARSET=latin1;
/*!40101 SET character_set_client = @saved_cs_client */;

--
-- Dumping data for table `inward_return_reasons`
--

LOCK TABLES `inward_return_reasons` WRITE;
/*!40000 ALTER TABLE `inward_return_reasons` DISABLE KEYS */;
INSERT INTO `inward_return_reasons` VALUES (3,'Cheque/ DD not in favour of Indian Academy of Sciences'),(11,'Cheque/DD to be corrected'),(1,'For want of Client\'s address'),(9,'Insufficient funds'),(8,'Only one Cheque/DD to be drawn for all the journals'),(13,'Others'),(6,'Payment already received for current year'),(4,'Personal Subscription accepted for minimum of TWO years only'),(12,'Provide residential address for Personal Subscription'),(10,'Revalidate the Cheque/DD'),(2,'Short Payment'),(5,'Subscriptions are accepted for Calendar year only (Jan-Dec)'),(7,'The issues ordered are out of stock');
/*!40000 ALTER TABLE `inward_return_reasons` ENABLE KEYS */;
UNLOCK TABLES;

--
-- Table structure for table `payment_mode`
--

DROP TABLE IF EXISTS `payment_mode`;
/*!40101 SET @saved_cs_client     = @@character_set_client */;
/*!40101 SET character_set_client = utf8 */;
CREATE TABLE `payment_mode` (
  `id` int(11) NOT NULL AUTO_INCREMENT,
  `payment_mode` varchar(20) NOT NULL,
  PRIMARY KEY (`id`),
  UNIQUE KEY `payment_mode_UNIQUE` (`payment_mode`)
) ENGINE=InnoDB AUTO_INCREMENT=5 DEFAULT CHARSET=latin1;
/*!40101 SET character_set_client = @saved_cs_client */;

--
-- Dumping data for table `payment_mode`
--

LOCK TABLES `payment_mode` WRITE;
/*!40000 ALTER TABLE `payment_mode` DISABLE KEYS */;
INSERT INTO `payment_mode` VALUES (4,'Cash'),(1,'Cheque'),(2,'Demand Draft'),(3,'Money Order');
/*!40000 ALTER TABLE `payment_mode` ENABLE KEYS */;
UNLOCK TABLES;

--
-- Table structure for table `states`
--

DROP TABLE IF EXISTS `states`;
/*!40101 SET @saved_cs_client     = @@character_set_client */;
/*!40101 SET character_set_client = utf8 */;
CREATE TABLE `states` (
  `id` int(11) NOT NULL AUTO_INCREMENT,
  `state` varchar(45) NOT NULL,
  PRIMARY KEY (`id`),
  UNIQUE KEY `state_UNIQUE` (`state`)
) ENGINE=InnoDB AUTO_INCREMENT=31 DEFAULT CHARSET=latin1;
/*!40101 SET character_set_client = @saved_cs_client */;

--
-- Dumping data for table `states`
--

LOCK TABLES `states` WRITE;
/*!40000 ALTER TABLE `states` DISABLE KEYS */;
INSERT INTO `states` VALUES (1,'Andhra Pradesh'),(2,'Arunachal Pradesh'),(3,'Assam'),(4,'Bihar'),(5,'Chattisgarh'),(7,'Goa'),(8,'Gujarat'),(10,'Haryana'),(9,'Himachal Pradesh'),(12,'Jammu & Kashmir'),(11,'Jharkhand'),(13,'Karnataka'),(14,'Kerela'),(18,'Madhya Pradesh'),(17,'Maharastra'),(15,'Manipur'),(16,'Meghalaya'),(19,'Mizoram'),(20,'Nagaland'),(6,'New Delhi'),(21,'Orissa'),(23,'Pondicherry'),(22,'Punjab'),(24,'Rajasthan'),(25,'Sikkim'),(26,'Tamilnadu'),(27,'Tripura'),(28,'Uttar Pradesh'),(29,'Uttaranchal'),(30,'West Bengal');
/*!40000 ALTER TABLE `states` ENABLE KEYS */;
UNLOCK TABLES;

--
-- Table structure for table `user_role`
--

DROP TABLE IF EXISTS `user_role`;
/*!40101 SET @saved_cs_client     = @@character_set_client */;
/*!40101 SET character_set_client = utf8 */;
CREATE TABLE `user_role` (
  `username` varchar(20) NOT NULL,
  `role` varchar(20) NOT NULL,
  PRIMARY KEY (`username`,`role`)
) ENGINE=InnoDB DEFAULT CHARSET=latin1;
/*!40101 SET character_set_client = @saved_cs_client */;

--
-- Dumping data for table `user_role`
--

LOCK TABLES `user_role` WRITE;
/*!40000 ALTER TABLE `user_role` DISABLE KEYS */;
INSERT INTO `user_role` VALUES ('jds','user'),('shail@ias.com','user'),('tomcat','manager-script');
/*!40000 ALTER TABLE `user_role` ENABLE KEYS */;
UNLOCK TABLES;

--
-- Table structure for table `users`
--

DROP TABLE IF EXISTS `users`;
/*!40101 SET @saved_cs_client     = @@character_set_client */;
/*!40101 SET character_set_client = utf8 */;
CREATE TABLE `users` (
  `username` varchar(20) NOT NULL,
  `password` varchar(20) NOT NULL,
  PRIMARY KEY (`username`)
) ENGINE=InnoDB DEFAULT CHARSET=latin1;
/*!40101 SET character_set_client = @saved_cs_client */;

--
-- Dumping data for table `users`
--

LOCK TABLES `users` WRITE;
/*!40000 ALTER TABLE `users` DISABLE KEYS */;
INSERT INTO `users` VALUES ('jds','jds'),('shail@ias.com','shail'),('tomcat','tomcat');
/*!40000 ALTER TABLE `users` ENABLE KEYS */;
UNLOCK TABLES;
/*!40103 SET TIME_ZONE=@OLD_TIME_ZONE */;

/*!40101 SET SQL_MODE=@OLD_SQL_MODE */;
/*!40014 SET FOREIGN_KEY_CHECKS=@OLD_FOREIGN_KEY_CHECKS */;
/*!40014 SET UNIQUE_CHECKS=@OLD_UNIQUE_CHECKS */;
/*!40101 SET CHARACTER_SET_CLIENT=@OLD_CHARACTER_SET_CLIENT */;
/*!40101 SET CHARACTER_SET_RESULTS=@OLD_CHARACTER_SET_RESULTS */;
/*!40101 SET COLLATION_CONNECTION=@OLD_COLLATION_CONNECTION */;
/*!40111 SET SQL_NOTES=@OLD_SQL_NOTES */;

-- Dump completed on 2011-12-25 23:59:04
